Type,Name,Request Count,Failure Count,Median Response Time,Average Response Time,Min Response Time,Max Response Time,Average Content Size,Requests/s,Failures/s,50%,66%,75%,80%,90%,95%,98%,99%,99.9%,99.99%,100%
gRPC,gRPC_ListSongs,2726,0,3,3.611151870873074,1,39,0.0,54.82993058334002,0.0,3,4,4,4,5,6,8,9,35,39,39
gRPC,gRPC_ListUsers,2630,0,6,6.035361216730038,3,61,0.0,52.899015933303104,0.0,6,6,7,7,9,10,12,13,33,61,61
gRPC,gRPC_PlaylistsBySong,2724,2551,1,1.0734214390602055,0,19,0.0,54.78970319479759,51.31003408587689,1,1,1,2,2,3,3,4,8,19,19
gRPC,gRPC_PlaylistsByUser,2688,494,1,1.1759672619047619,0,16,0.0,54.06561020103374,9.936164969981649,1,1,1,2,2,3,3,4,9,16,16
gRPC,gRPC_SongsByPlaylist,2714,2714,1,0.9874723655121592,0,36,0.0,54.58856625208541,54.58856625208541,1,1,1,1,2,2,3,4,18,36,36
,Aggregated,13482,5759,2,2.5576323987538943,0,61,0.0,271.17282616455986,115.83476530794395,2,3,4,4,6,7,9,10,22,39,61
