Type,Name,Request Count,Failure Count,Median Response Time,Average Response Time,Min Response Time,Max Response Time,Average Content Size,Requests/s,Failures/s,50%,66%,75%,80%,90%,95%,98%,99%,99.9%,99.99%,100%
GET,REST_list_musicas,3073,0,4,4.487196029935222,2.044699999714794,43.17680000031032,30307.0,62.45720123999564,0.0,4,5,5,5,7,8,10,15,40,43,43
GET,REST_list_usuarios,3145,0,6,6.4982233386318775,3.357300000061514,49.346699999659904,49207.0,63.92056553849212,0.0,6,7,7,8,9,10,13,17,43,49,49
GET,REST_musicas_by_playlist,3004,0,2,2.82153492010447,0.8972000000539992,57.78969999983019,402.74367509986683,61.05481045393651,0.0,2,3,3,3,4,6,7,10,40,58,58
GET,REST_playlists_by_song,3059,0,3,3.0846002942192223,0.8176000001185457,43.71549999996205,1308.5465838509317,62.17265818195465,0.0,3,3,4,4,5,6,8,11,41,44,44
GET,REST_playlists_by_user,3093,0,2,2.828680148722177,0.8895000000848086,41.982499999903666,86.97025541545425,62.86369132291133,0.0,2,3,3,4,4,6,7,10,27,42,42
,Aggregated,15374,0,3,3.960378346558861,0.8176000001185457,57.78969999983019,16480.493755691426,312.46892673729025,0.0,3,4,5,5,7,8,10,14,41,49,58
