Type,Name,Request Count,Failure Count,Median Response Time,Average Response Time,Min Response Time,Max Response Time,Average Content Size,Requests/s,Failures/s,50%,66%,75%,80%,90%,95%,98%,99%,99.9%,99.99%,100%
POST,SOAP_GetPlaylistsBySong,3029,2854,4,5.5205624298436256,1.4522999999826425,142.3743000000286,387.94717728623306,61.59324111147647,58.03470126515479,4,5,6,7,9,11,20,31,91,140,140
POST,SOAP_GetPlaylistsByUser,3016,547,4,5.326470324930223,1.48250000029293,113.97189999979673,255.55769230769232,61.32889243717829,11.122978833931208,4,5,6,6,8,11,17,28,72,110,110
POST,SOAP_GetSongs,2969,0,12,13.77721815425892,6.442800000058924,157.3179000001801,59042.0,60.37317030702332,0.0,12,14,15,16,19,23,31,44,120,160,160
POST,SOAP_GetSongsByPlaylist,3086,3086,4,5.366331529489931,1.4774999999644933,123.75439999959781,398.0,62.75230837570696,62.75230837570696,4,5,6,6,9,11,18,25,82,120,120
POST,SOAP_GetUsers,3002,0,21,22.994436475683127,11.820399999578513,166.10410000021147,106442.0,61.04420924947255,0.0,21,23,25,26,30,36,49,65,130,170,170
,Aggregated,15102,6487,7,10.54699882134734,1.4522999999826425,166.10410000021147,32976.33849821216,307.0918214808576,131.90998847479295,7,12,15,17,22,26,35,45,110,160,170
