Type,Name,Request Count,Failure Count,Median Response Time,Average Response Time,Min Response Time,Max Response Time,Average Content Size,Requests/s,Failures/s,50%,66%,75%,80%,90%,95%,98%,99%,99.9%,99.99%,100%
POST,GraphQL_list_musicas,3094,0,11,12.222949062703972,6.222299999990355,214.17980000023817,31329.0,62.87718414750782,0.0,11,12,13,13,15,19,28,40,150,210,210
POST,GraphQL_list_usuarios,3012,0,20,21.50914903718428,11.81300000007468,222.89720000026136,51229.0,61.21075586693392,0.0,20,21,22,23,27,34,50,67,140,220,220
POST,GraphQL_musicas_by_playlist,2992,0,3,4.365391243319534,1.3906999997743696,184.54950000023018,305.93816844919786,60.80430994484273,0.0,3,4,4,4,6,7,16,30,120,180,180
POST,GraphQL_playlists_by_song,3052,0,3,3.789954259503165,1.2179999998807034,125.61659999983021,129.69069462647445,62.02364771111631,0.0,3,3,4,4,5,7,13,20,110,130,130
POST,GraphQL_playlists_by_user,3037,0,3,4.036593941386523,1.2684000002991525,123.75849999989441,38.114257490945015,61.718813269547915,0.0,3,4,4,4,6,7,15,24,95,120,120
,Aggregated,15187,0,5,9.184874438665409,1.2179999998807034,222.89720000026136,16636.637255547506,308.63471093994866,0.0,5,10,13,16,20,24,31,46,130,220,220
