Type,Name,Request Count,Failure Count,Median Response Time,Average Response Time,Min Response Time,Max Response Time,Average Content Size,Requests/s,Failures/s,50%,66%,75%,80%,90%,95%,98%,99%,99.9%,99.99%,100%
POST,GraphQL_list_musicas,744,0,980,1024.4673616935468,14.782199999899603,6375.544799999716,37023.0,15.108754238676426,0.0,980,1100,1100,1200,1300,1500,2300,2900,6400,6400,6400
POST,GraphQL_list_usuarios,757,0,980,1040.8779817701381,33.415700000205106,6159.227300000111,55093.0,15.372751288545771,0.0,980,1100,1100,1200,1300,1500,2500,4100,6200,6200,6200
POST,GraphQL_musicas_by_playlist,664,0,970,1015.9369192771002,6.4199999997072155,6091.640999999981,298.0722891566265,13.484157008711218,0.0,970,1100,1100,1200,1300,1500,2400,3900,6100,6100,6100
POST,GraphQL_playlists_by_song,710,0,970,986.4975707042272,6.366999999954714,6872.39099999988,126.79859154929578,14.418300415941212,0.0,970,1100,1100,1200,1300,1400,1700,2300,6900,6900,6900
POST,GraphQL_playlists_by_user,678,0,1000,1009.9610864306827,17.057300000033138,6109.058900000036,39.3834808259587,13.768461523955128,0.0,1000,1100,1100,1200,1300,1400,2300,2800,6100,6100,6100
,Aggregated,3553,0,980,1016.0138912186852,6.366999999954714,6872.39099999988,19579.27441598649,72.15242447582976,0.0,980,1100,1100,1200,1300,1400,2300,3200,6100,6900,6900
