Type,Name,Request Count,Failure Count,Median Response Time,Average Response Time,Min Response Time,Max Response Time,Average Content Size,Requests/s,Failures/s,50%,66%,75%,80%,90%,95%,98%,99%,99.9%,99.99%,100%
gRPC,gRPC_ListSongs,2407,0,3,4.507270461154965,3,78,0.0,49.05699665235962,0.0,3,4,4,4,5,6,7,59,68,78,78
gRPC,gRPC_ListUsers,2427,0,6,8.337865677791513,5,113,0.0,49.46461606783415,0.0,6,7,7,8,9,11,61,70,100,110,110
gRPC,gRPC_PlaylistsBySong,2353,0,2,1.9668508287292819,1,7,0.0,47.95642423057839,0.0,2,2,2,3,3,3,4,4,6,7,7
gRPC,gRPC_PlaylistsByUser,2440,0,1,0.6045081967213115,0,4,0.0,49.729568687892595,0.0,1,1,1,1,1,1,2,2,3,4,4
gRPC,gRPC_SongsByPlaylist,2407,0,1,1.1582883257166599,1,18,0.0,49.05699665235962,0.0,1,1,1,1,2,2,2,3,5,18,18
,Aggregated,12034,0,2,3.3219212232009308,0,113,0.0,245.26460229102437,0.0,2,3,4,5,6,7,10,13,76,110,110
