Type,Name,Request Count,Failure Count,Median Response Time,Average Response Time,Min Response Time,Max Response Time,Average Content Size,Requests/s,Failures/s,50%,66%,75%,80%,90%,95%,98%,99%,99.9%,99.99%,100%
GET,REST_list_musicas,1085,0,490,550.8853399078322,8.06879999981902,4064.385499999844,33472.0,22.043799911371796,0.0,490,580,640,700,860,990,1200,2200,3800,4100,4100
GET,REST_list_usuarios,1117,0,520,560.328111459269,13.826500000050146,4939.063200000419,47982.0,22.69393963226018,0.0,520,600,670,710,850,990,1100,2200,2900,4900,4900
GET,REST_musicas_by_playlist,1132,0,480,549.1374544169644,2.841399999852001,4518.315900000289,423.41342756183747,22.99869262642661,0.0,480,560,620,670,840,1000,2200,2500,4300,4500,4500
GET,REST_playlists_by_song,1074,0,480,538.1018988826763,2.4847999998200976,5323.301000000356,134.73743016759778,21.82031438231641,0.0,480,560,610,680,850,940,1100,2400,5300,5300,5300
GET,REST_playlists_by_user,1098,0,480,552.525478961749,2.1729999998569838,4895.260899999812,11.943533697632057,22.3079191729827,0.0,480,580,640,700,860,980,2200,2800,4300,4900,4900
,Aggregated,5506,0,490,550.2751739920076,2.1729999998569838,5323.301000000356,16445.72103160189,111.8646657253577,0.0,490,570,640,690,850,980,1200,2400,4500,5300,5300
