Type,Name,Request Count,Failure Count,Median Response Time,Average Response Time,Min Response Time,Max Response Time,Average Content Size,Requests/s,Failures/s,50%,66%,75%,80%,90%,95%,98%,99%,99.9%,99.99%,100%
POST,SOAP_GetPlaylistsBySong,379,0,570,670.3800155672942,6.762600000001839,2876.3083999997434,2980.3562005277045,7.687082498419634,0.0,570,660,730,810,1100,2300,2600,2600,2900,2900,2900
POST,SOAP_GetPlaylistsByUser,353,0,380,525.484237677058,6.060899999738467,2987.365800000134,502.8186968838527,7.159736469504303,0.0,380,510,590,640,890,2300,2400,2600,3000,3000,3000
POST,SOAP_GetSongs,295,0,3800,3552.844510508474,85.56480000015654,5360.860299999786,61298.0,5.983349174231641,0.0,3800,3900,4100,4100,4300,4500,4800,5100,5400,5400,5400
POST,SOAP_GetSongsByPlaylist,362,0,450,525.4624146408732,6.86519999999291,3108.0770999997185,1149.024861878453,7.342279325667302,0.0,450,540,610,650,810,1400,2600,3100,3100,3100,3100
POST,SOAP_GetUsers,341,0,7200,6719.538688269795,66.29979999979696,9741.403700000319,103308.0,6.916345994620304,0.0,7200,7400,7600,7700,7900,8200,8500,8900,9700,9700,9700
,Aggregated,1730,0,680,2294.357907052019,6.060899999738467,9741.403700000319,31811.523121387283,35.088793462443185,0.0,680,2800,3800,4200,7200,7600,7900,8200,9700,9700,9700
