Type,Name,Request Count,Failure Count,Median Response Time,Average Response Time,Min Response Time,Max Response Time,Average Content Size,Requests/s,Failures/s,50%,66%,75%,80%,90%,95%,98%,99%,99.9%,99.99%,100%
POST,SOAP_GetPlaylistsBySong,4991,4684,64,107.19409116409116,3.2464999999319843,2428.08660000037,387.2971348427169,101.44456017228221,95.20463230754756,64,91,110,120,170,310,570,1100,2000,2400,2400
POST,SOAP_GetPlaylistsByUser,4951,920,64,107.88104506160032,2.5160000000141736,2115.1339000002736,256.3328620480711,100.63154025505294,18.69945809627322,64,89,110,120,160,290,650,1200,1900,2100,2100
POST,SOAP_GetSongs,4933,0,84,129.60902051490018,12.951100000009319,2387.5459999999293,59042.0,100.26568129229977,0.0,84,110,120,130,180,330,710,1200,2000,2400,2400
POST,SOAP_GetSongsByPlaylist,4969,4969,62,109.69790811028169,2.5077000000237604,2431.0615999997935,398.0,100.99739921780612,100.99739921780612,62,90,110,120,160,290,680,1200,1900,2400,2400
POST,SOAP_GetUsers,4958,0,99,141.09370893505167,17.445800000132294,2389.2359999999826,106442.0,100.77381874056806,0.0,99,120,140,150,200,350,720,1200,2000,2400,2400
,Aggregated,24802,10573,77,119.06771936133943,2.5077000000237604,2431.0615999997935,33230.11805499557,504.1129996780091,214.9014896216269,77,100,120,130,170,320,670,1200,2000,2400,2400
