Type,Name,Request Count,Failure Count,Median Response Time,Average Response Time,Min Response Time,Max Response Time,Average Content Size,Requests/s,Failures/s,50%,66%,75%,80%,90%,95%,98%,99%,99.9%,99.99%,100%
gRPC,gRPC_ListSongs,3784,0,2,2.682610993657505,1,106,0.0,75.41039053623078,0.0,2,3,3,3,4,5,6,6,23,110,110
gRPC,gRPC_ListUsers,3835,0,4,4.478748370273794,3,24,0.0,76.42675679345798,0.0,4,4,5,5,6,7,9,9,20,24,24
gRPC,gRPC_PlaylistsBySong,3866,3641,1,0.7170201758923952,0,20,0.0,77.044548047851,72.56057926596624,1,1,1,1,1,2,2,3,14,20,20
gRPC,gRPC_PlaylistsByUser,3994,752,1,0.828492739108663,0,18,0.0,79.59542806598989,14.986420106565948,1,1,1,1,2,2,3,3,9,18,18
gRPC,gRPC_SongsByPlaylist,3939,3939,1,0.674028941355674,0,144,0.0,78.49934680819584,78.49934680819584,1,1,1,1,1,2,2,3,8,140,140
,Aggregated,19418,8332,1,1.8571943557523947,0,144,0.0,386.9764702517255,166.04634618072802,1,2,3,3,4,5,6,7,17,110,140
