Type,Name,Request Count,Failure Count,Median Response Time,Average Response Time,Min Response Time,Max Response Time,Average Content Size,Requests/s,Failures/s,50%,66%,75%,80%,90%,95%,98%,99%,99.9%,99.99%,100%
POST,GraphQL_list_musicas,6090,0,44,58.878574137936354,7.705400000304508,315.5051000003368,31329.0,122.83857200138196,0.0,44,63,79,91,130,150,180,210,270,320,320
POST,GraphQL_list_usuarios,6153,0,56,71.4536397692186,14.547199999924487,317.54819999969186,51229.0,124.10931584967211,0.0,56,74,92,110,140,170,200,220,270,320,320
POST,GraphQL_musicas_by_playlist,6289,0,24,39.02533994275905,1.6239999999925203,307.18930000011824,305.5821275242487,126.8525089189969,0.0,24,39,52,62,96,120,160,180,250,310,310
POST,GraphQL_playlists_by_song,6185,0,24,39.436488633789416,1.5602999997099687,311.4781999997831,127.49781729991916,124.75477304245442,0.0,24,39,54,65,100,120,160,170,230,310,310
POST,GraphQL_playlists_by_user,6319,0,25,40.08376789048856,1.601800000116782,303.4869999996772,38.31713878778287,127.45762503723032,0.0,25,39,54,64,100,130,160,180,270,300,300
,Aggregated,31036,0,35,49.64747829617296,1.5602999997099687,317.54819999969186,16398.960980796495,626.0127948497358,0.0,35,53,67,78,120,140,170,200,260,310,320
