Type,Name,Request Count,Failure Count,Median Response Time,Average Response Time,Min Response Time,Max Response Time,Average Content Size,Requests/s,Failures/s,50%,66%,75%,80%,90%,95%,98%,99%,99.9%,99.99%,100%
GET,REST_list_musicas,7240,0,8,15.356184861878008,2.249899999696936,482.45889999998326,30307.0,146.3491120560265,0.0,8,12,15,17,29,45,77,110,390,480,480
GET,REST_list_usuarios,7453,0,11,17.944752582851812,3.6703000000670727,477.5572000003194,49207.0,150.6546867615422,0.0,11,14,17,20,34,52,85,120,400,480,480
GET,REST_musicas_by_playlist,7319,0,6,12.333018622763413,1.004700000066805,498.7837999997282,400.927995627818,147.9460153505605,0.0,6,9,11,12,20,35,70,110,420,500,500
GET,REST_playlists_by_song,7329,0,7,12.012476531588653,1.0015999996539904,501.7248999997719,1288.3215991267566,148.14815500809644,0.0,7,9,11,13,20,33,66,100,430,500,500
GET,REST_playlists_by_user,7409,0,6,12.043231110810503,1.0234999999738648,480.74159999987387,94.2966662167634,149.76527226838402,0.0,6,9,10,12,19,34,69,110,430,480,480
,Aggregated,36750,0,8,13.944329863945715,1.0015999996539904,501.7248999997719,16305.784925170068,742.8632414446097,0.0,8,10,13,15,25,41,73,110,420,480,500
