Type,Name,Request Count,Failure Count,Median Response Time,Average Response Time,Min Response Time,Max Response Time,Average Content Size,Requests/s,Failures/s,50%,66%,75%,80%,90%,95%,98%,99%,99.9%,99.99%,100%
gRPC,gRPC_ListSongs,1720,0,5,7.025581395348837,3,121,0.0,33.413884962934716,0.0,5,6,7,7,8,10,13,92,120,120,120
gRPC,gRPC_ListUsers,1725,0,10,13.14144927536232,5,157,0.0,33.51101834945488,0.0,10,11,12,13,15,19,94,110,150,160,160
gRPC,gRPC_PlaylistsBySong,1711,0,3,3.098188194038574,1,27,0.0,33.23904486719843,0.0,3,3,4,4,5,6,7,8,25,27,27
gRPC,gRPC_PlaylistsByUser,1709,0,1,1.2954944411936806,0,19,0.0,33.20019151259037,0.0,1,1,2,2,2,3,4,5,14,19,19
gRPC,gRPC_SongsByPlaylist,1773,0,2,1.8578680203045685,1,12,0.0,34.44349886004841,0.0,2,2,2,2,3,4,5,5,8,12,12
,Aggregated,8638,0,3,5.274600601991201,0,157,0.0,167.80763855222682,0.0,3,5,7,8,10,12,16,22,120,160,160
