Type,Name,Request Count,Failure Count,Median Response Time,Average Response Time,Min Response Time,Max Response Time,Average Content Size,Requests/s,Failures/s,50%,66%,75%,80%,90%,95%,98%,99%,99.9%,99.99%,100%
POST,SOAP_GetPlaylistsBySong,291,0,5000,5659.514524054997,25.202899999840156,31110.126400000354,3012.9759450171823,5.9146719457141845,0.0,5000,5700,6300,7000,8100,15000,27000,31000,31000,31000,31000
POST,SOAP_GetPlaylistsByUser,267,0,4800,4990.1429483146085,9.129699999903096,25107.312999999976,537.2434456928839,5.426863950191366,0.0,4800,5500,5900,7000,8000,10000,18000,23000,25000,25000,25000
POST,SOAP_GetSongs,253,0,9800,9989.823795652168,1025.4172999998445,33307.0158999999,61298.0,5.1423092861363875,0.0,9800,11000,12000,13000,14000,17000,27000,31000,33000,33000,33000
POST,SOAP_GetSongsByPlaylist,240,0,4500,4994.429261666677,87.66240000022663,30720.56210000028,1169.1583333333333,4.878079955228194,0.0,4500,5200,5600,6900,7700,15000,21000,23000,31000,31000,31000
POST,SOAP_GetUsers,231,0,15000,14952.395896103915,3356.79540000001,43805.963700000124,103308.0,4.695151956907137,0.0,15000,16000,17000,18000,19000,30000,42000,43000,44000,44000,44000
,Aggregated,1282,0,5700,7924.632440561642,9.129699999903096,43805.963700000124,31726.489859594385,26.05707709417727,0.0,5700,8300,11000,13000,16000,19000,27000,31000,43000,44000,44000
