Type,Name,Request Count,Failure Count,Median Response Time,Average Response Time,Min Response Time,Max Response Time,Average Content Size,Requests/s,Failures/s,50%,66%,75%,80%,90%,95%,98%,99%,99.9%,99.99%,100%
POST,GraphQL_list_musicas,581,0,2200,3065.4786607573087,258.2958000002691,44357.26219999969,37023.0,12.003656388194017,0.0,2200,2800,3100,3200,3500,3800,21000,34000,44000,44000,44000
POST,GraphQL_list_usuarios,618,0,2200,3309.6050702265297,223.8299000000552,44311.96060000002,55093.0,12.768088894843206,0.0,2200,2900,3200,3300,3600,7100,23000,34000,44000,44000,44000
POST,GraphQL_musicas_by_playlist,549,0,2200,3249.983797814198,80.46779999995124,41915.34390000015,300.1639344262295,11.342525571632557,0.0,2200,2600,3100,3200,3500,6900,26000,32000,42000,42000,42000
POST,GraphQL_playlists_by_song,562,0,2100,2975.754792348758,106.15159999997559,40898.40860000004,132.864768683274,11.611109965860651,0.0,2100,2700,3100,3200,3500,3800,19000,33000,41000,41000,41000
POST,GraphQL_playlists_by_user,564,0,2300,3786.456337588651,160.3063999996266,43017.52839999972,39.8741134751773,11.65243064189574,0.0,2300,2900,3200,3300,3700,15000,28000,41000,43000,43000,43000
,Aggregated,2874,0,2200,3277.159258176757,80.46779999995124,44357.26219999969,19422.333333333332,59.37781146242617,0.0,2200,2800,3100,3200,3600,6900,24000,34000,43000,44000,44000
