Type,Name,Request Count,Failure Count,Median Response Time,Average Response Time,Min Response Time,Max Response Time,Average Content Size,Requests/s,Failures/s,50%,66%,75%,80%,90%,95%,98%,99%,99.9%,99.99%,100%
GET,REST_list_musicas,912,0,1300,1888.4162577850948,35.64430000005814,46017.35460000009,33472.0,18.584833473231157,0.0,1300,1500,1500,1600,1800,2200,16000,29000,46000,46000,46000
GET,REST_list_usuarios,943,0,1200,1647.8540890774232,21.49390000022322,42939.575700000205,47982.0,19.216554786465988,0.0,1200,1400,1500,1600,1700,1800,8700,21000,43000,43000,43000
GET,REST_musicas_by_playlist,987,0,1300,1622.0213678824784,3.9821000000301865,44074.06010000022,429.14589665653494,20.113191489121878,0.0,1300,1400,1500,1600,1700,1900,6400,22000,44000,44000,44000
GET,REST_playlists_by_song,958,0,1300,1726.6380266179588,5.160700000033103,45038.076799999995,134.580375782881,19.522226389644132,0.0,1300,1500,1500,1600,1700,1900,13000,27000,45000,45000,45000
GET,REST_playlists_by_user,925,0,1200,1683.4514158918932,10.450499999933527,45025.841599999694,10.127567567567567,18.849748862652216,0.0,1200,1400,1500,1600,1700,1800,5800,26000,45000,45000,45000
,Aggregated,4725,0,1300,1711.832574052916,3.9821000000301865,46017.35460000009,16155.630264550264,96.28655500111537,0.0,1300,1400,1500,1600,1700,1900,9900,26000,44000,46000,46000
