Type,Name,Request Count,Failure Count,Median Response Time,Average Response Time,Min Response Time,Max Response Time,Average Content Size,Requests/s,Failures/s,50%,66%,75%,80%,90%,95%,98%,99%,99.9%,99.99%,100%
POST,GraphQL_list_musicas,5463,0,430,438.42021226432183,11.753699999644596,4815.884399999959,31329.0,112.54199436204631,0.0,430,540,590,630,710,860,1000,1200,4300,4800,4800
POST,GraphQL_list_usuarios,5321,0,470,464.26973311407977,21.729900000082125,4534.424399999807,51229.0,109.6166853378086,0.0,470,560,620,650,740,870,1000,1200,4200,4500,4500
POST,GraphQL_musicas_by_playlist,5316,0,390,400.25113465011674,2.7390999998715415,4711.503200000152,305.59367945823925,109.513681498927,0.0,390,500,560,600,680,770,930,1100,4000,4700,4700
POST,GraphQL_playlists_by_song,5354,0,390,399.2367163615964,2.253600000130973,4529.086500000176,127.33507657825925,110.29651067442722,0.0,390,500,560,590,680,790,980,1100,3400,4500,4500
POST,GraphQL_playlists_by_user,5407,0,390,401.53202274829107,2.604499999961263,4711.522499999774,38.47826891067135,111.38835136657228,0.0,390,500,560,600,680,790,970,1100,4400,4700,4700
,Aggregated,26861,0,410,420.7513096198968,2.253600000130973,4815.884399999959,16613.46100294107,553.3572232397814,0.0,410,520,580,610,700,820,990,1200,4200,4700,4800
