Type,Name,Request Count,Failure Count,Median Response Time,Average Response Time,Min Response Time,Max Response Time,Average Content Size,Requests/s,Failures/s,50%,66%,75%,80%,90%,95%,98%,99%,99.9%,99.99%,100%
POST,SOAP_GetPlaylistsBySong,4597,4328,76,633.6272023058506,3.0249999999796273,11489.435500000127,387.81814226669565,93.70225984571408,88.21913870181652,76,110,130,150,230,6900,8700,10000,11000,11000,11000
POST,SOAP_GetPlaylistsByUser,4552,834,77,591.8052351274159,2.8890999997202016,11270.54999999973,255.87961335676627,92.78500909673494,16.999713881080172,77,110,130,150,220,6800,8600,9800,11000,11000,11000
POST,SOAP_GetSongs,4547,0,100,658.3118958654044,9.408299999904557,11495.262399999774,59042.0,92.68309234684837,0.0,100,130,150,170,260,6900,8300,9900,11000,11000,11000
POST,SOAP_GetSongsByPlaylist,4533,4533,79,636.8715045444492,2.4895999999898777,11265.058399999816,398.0,92.39772544716597,92.39772544716597,79,110,140,150,240,6900,8100,9900,11000,11000,11000
POST,SOAP_GetUsers,4627,0,120,629.9815922411884,19.53159999993659,11266.110900000058,106442.0,94.31376034503351,0.0,120,140,160,170,250,6900,8100,9600,11000,11000,11000
,Aggregated,22856,9695,93,630.1141593979672,2.4895999999898777,11495.262399999774,33502.04786489325,465.88184708149686,197.61657803006267,93,120,140,160,240,6900,8300,9900,11000,11000,11000
