Type,Name,Request Count,Failure Count,Median Response Time,Average Response Time,Min Response Time,Max Response Time,Average Content Size,Requests/s,Failures/s,50%,66%,75%,80%,90%,95%,98%,99%,99.9%,99.99%,100%
GET,REST_list_musicas,9587,0,120,131.50671555230983,2.4945000000116124,721.0547999998198,30307.0,196.14603728570492,0.0,120,150,170,190,230,270,310,360,550,720,720
GET,REST_list_usuarios,9502,0,130,140.89832376341838,4.092499999842403,717.2390999999152,49207.0,194.40697259713863,0.0,130,160,180,200,240,270,330,360,550,720,720
GET,REST_musicas_by_playlist,9464,0,110,122.90507166102851,0.9890999999697669,717.6300000000992,398.3716187658495,193.62950838342667,0.0,110,140,170,180,220,250,300,360,510,720,720
GET,REST_playlists_by_song,9557,0,110,122.72378287119335,1.2261000001672073,705.6977000002007,1297.7270063827561,195.53224974856388,0.0,110,140,170,180,220,250,300,340,510,710,710
GET,REST_playlists_by_user,9482,0,110,122.22800410251132,0.9506999999757682,658.2648000003246,87.84602404556001,193.9977809057113,0.0,110,140,170,180,220,250,300,360,520,660,660
,Aggregated,47592,0,120,128.05894857118852,0.9506999999757682,721.0547999998198,16286.847474365439,973.7125489205454,0.0,120,150,170,190,230,260,310,360,530,710,720
