Type,Name,Request Count,Failure Count,Median Response Time,Average Response Time,Min Response Time,Max Response Time,Average Content Size,Requests/s,Failures/s,50%,66%,75%,80%,90%,95%,98%,99%,99.9%,99.99%,100%
gRPC,gRPC_ListSongs,3246,0,3,3.495686999383857,2,33,0.0,61.799455367964114,0.0,3,4,4,4,5,6,7,8,12,33,33
gRPC,gRPC_ListUsers,3202,0,6,5.8185509056839475,3,63,0.0,60.96175480228622,0.0,6,6,7,7,8,9,11,11,31,63,63
gRPC,gRPC_PlaylistsBySong,3250,3055,1,1.1267692307692307,0,17,0.0,61.87560996484392,58.163073366953284,1,1,1,2,2,3,4,5,9,17,17
gRPC,gRPC_PlaylistsByUser,3333,606,1,1.195019501950195,0,12,0.0,63.45581785009993,11.537421427290896,1,1,1,2,2,3,4,5,10,12,12
gRPC,gRPC_SongsByPlaylist,3213,3213,1,1.017117958294429,0,12,0.0,61.171179943705695,61.171179943705695,1,1,1,1,2,3,4,4,8,12,12
,Aggregated,16244,6874,2,2.5172986949027334,0,63,0.0,309.26381792889987,130.8716747379499,2,3,4,4,6,7,8,10,14,52,63
