Type,Name,Request Count,Failure Count,Median Response Time,Average Response Time,Min Response Time,Max Response Time,Average Content Size,Requests/s,Failures/s,50%,66%,75%,80%,90%,95%,98%,99%,99.9%,99.99%,100%
GET,REST_list_musicas,1331,280,1300,2171.848593914359,111.95630000020174,45986.01340000005,26430.557475582267,27.148880372353826,5.711259582463615,1300,1500,1900,4100,4100,4200,7000,19000,42000,46000,46000
GET,REST_list_usuarios,1346,328,1300,2205.453958098058,97.58789999978035,41672.08750000009,36289.50668647845,27.454840707128664,6.690332653743092,1300,1600,4100,4100,4100,4100,5800,13000,40000,42000,42000
GET,REST_musicas_by_playlist,1325,307,1300,2261.5012078490545,102.51060000018697,46998.02500000033,326.79245283018867,27.026496238443894,6.26198818505832,1300,1500,4000,4100,4100,4200,4600,22000,45000,47000,47000
GET,REST_playlists_by_song,1449,301,1300,2151.7604416839117,106.98290000027555,45963.89480000016,108.80262249827467,29.55576833924921,6.139604051148386,1300,1500,1700,4100,4100,4100,4200,24000,43000,46000,46000
GET,REST_playlists_by_user,1330,295,1300,2230.6822893984972,93.53289999990011,46979.1623000001,8.24736842105263,27.12848301670217,6.017219917238451,1300,1500,2600,4100,4100,4100,4900,24000,45000,47000,47000
,Aggregated,6781,1511,1300,2203.284018787793,93.53289999990011,46998.02500000033,12479.925084795754,138.31446867387777,30.820404389651866,1300,1500,2600,4100,4100,4100,4900,21000,44000,47000,47000
