Type,Name,Request Count,Failure Count,Median Response Time,Average Response Time,Min Response Time,Max Response Time,Average Content Size,Requests/s,Failures/s,50%,66%,75%,80%,90%,95%,98%,99%,99.9%,99.99%,100%
POST,GraphQL_list_musicas,940,330,2800,3453.9845646808612,172.8277000001981,45099.88639999983,24025.563829787236,19.179475411097037,6.7332200911298115,2800,4100,4100,4100,4100,4200,14000,25000,45000,45000,45000
POST,GraphQL_list_usuarios,867,287,2700,3498.344024221455,280.2324999997836,46029.35119999984,36855.75547866205,17.69000551215014,5.855861109558352,2700,4000,4100,4100,4100,4200,16000,33000,46000,46000,46000
POST,GraphQL_musicas_by_playlist,898,331,2900,3697.811460801792,299.67179999994187,46834.55270000013,184.21714922048997,18.322520126771426,6.753623788375659,2900,4100,4100,4100,4100,4200,22000,36000,47000,47000,47000
POST,GraphQL_playlists_by_song,889,258,2700,3347.907990326228,173.22420000027705,41777.78390000003,93.0,18.138886851558794,5.264153889428762,2700,3200,4100,4100,4100,4200,18000,31000,42000,42000,42000
POST,GraphQL_playlists_by_user,943,296,2700,3414.2987447507917,268.5161999997945,46962.98969999998,26.994697773064686,19.24068650283458,6.0394943847709825,2700,4000,4100,4100,4100,4200,15000,33000,47000,47000,47000
,Aggregated,4537,1502,2800,3481.6879813312817,172.8277000001981,46962.98969999998,12081.007273528763,92.57157440441199,30.646353263263567,2800,4000,4100,4100,4100,4200,17000,31000,45000,47000,47000
