Type,Name,Request Count,Failure Count,Median Response Time,Average Response Time,Min Response Time,Max Response Time,Average Content Size,Requests/s,Failures/s,50%,66%,75%,80%,90%,95%,98%,99%,99.9%,99.99%,100%
POST,SOAP_GetPlaylistsBySong,424,158,4100,5743.593451179246,123.1313000002956,44452.83169999994,1937.688679245283,8.575144452076236,3.195454772235956,4100,4400,5300,5600,9200,15000,31000,39000,44000,44000,44000
POST,SOAP_GetPlaylistsByUser,432,165,4100,5724.54541296295,130.1672000004146,46708.90389999977,309.73148148148147,8.736939630417297,3.337025553284384,4100,4500,5100,6200,8900,15000,32000,38000,47000,47000,47000
POST,SOAP_GetSongs,407,167,5200,8268.440583046697,2299.0741000003254,46042.056300000244,36146.240786240785,8.231329698101481,3.3774743478696494,5200,9300,10000,12000,14000,21000,31000,38000,46000,46000,46000
POST,SOAP_GetSongsByPlaylist,443,195,4100,5244.030441986469,207.40459999979066,46397.08780000001,642.2054176072235,8.959408000636255,3.9437574720633632,4100,4200,5000,5400,8700,9300,21000,32000,46000,46000,46000
POST,SOAP_GetUsers,394,178,8200,10470.845201269052,3129.6188999999686,46895.12240000022,56635.857868020306,7.968412533297257,3.5999427180886086,8500,14000,15000,18000,19000,20000,35000,43000,47000,47000,47000
,Aggregated,2100,863,4200,7010.552882904772,123.1313000002956,46895.12240000022,18221.870952380952,42.47123431452852,17.45365486354196,4200,5300,8400,9300,14000,19000,31000,39000,46000,47000,47000
