Type,Name,Request Count,Failure Count,Median Response Time,Average Response Time,Min Response Time,Max Response Time,Average Content Size,Requests/s,Failures/s,50%,66%,75%,80%,90%,95%,98%,99%,99.9%,99.99%,100%
gRPC,gRPC_ListSongs,1807,0,6,7.78693967902601,3,118,0.0,31.66200552900438,0.0,6,6,7,7,9,11,20,94,120,120,120
gRPC,gRPC_ListUsers,1823,0,10,13.31321996708722,6,166,0.0,31.942355328929157,0.0,10,12,13,13,16,19,94,110,150,170,170
gRPC,gRPC_PlaylistsBySong,1792,0,3,3.3604910714285716,1,36,0.0,31.3991775915749,0.0,3,4,4,4,5,6,7,9,12,36,36
gRPC,gRPC_PlaylistsByUser,1837,0,1,1.4305933587370714,0,113,0.0,32.18766140386334,0.0,1,1,2,2,2,3,4,4,9,110,110
gRPC,gRPC_SongsByPlaylist,1789,0,2,1.9692565679150362,1,10,0.0,31.346612004089007,0.0,2,2,2,3,3,4,5,5,8,10,10
,Aggregated,9048,0,3,5.58289124668435,0,166,0.0,158.53781185746078,0.0,3,5,7,8,11,13,17,22,120,170,170
